dataset,student,strategy,n_views,accuracy,auc_roc,ece,nll,inf_ms,temperature
bloodmnist,S1,baseline,10,0.9821689564454837,0.9991242720720324,0.007658129771945403,0.06670545786619186,,1.1576
bloodmnist,S1,maxprob,10,0.9824612686349021,0.9991149757375726,0.006291651814627215,0.06516752392053604,,1.1576
bloodmnist,S1,entropy,10,0.9836305173925752,0.9991066824727579,0.004564493110534612,0.06417518109083176,,1.1576
bloodmnist,S1,variance,10,0.9827535808243204,0.9991026004267927,0.005297265025615306,0.06443995237350464,,1.1576
bloodmnist,S1,variance_inv,10,0.9821689564454837,0.9991286710777508,0.01351466063204233,0.07196240872144699,,1.1576
bloodmnist,S1,mc_dropout,T=20,0.980415083308974,0.9990613731498079,0.011890824706677804,0.08434149622917175,,1.1576
bloodmnist,S1,ts_only,1,0.9801227711195557,0.9990380676425511,0.010336743124881278,0.07741248607635498,,1.1576
bloodmnist,S1,ts_entropy,10,0.9836305173925752,0.9990984771773015,0.006127379314134888,0.06241700053215027,,1.1576
