dataset,student,strategy,n_views,accuracy,auc_roc,ece,nll,inf_ms,temperature
bloodmnist,S1,baseline,10,0.9830458930137387,0.9990519261799141,0.009170814002685731,0.06872975826263428,11.959538292898035,1.0592
bloodmnist,S1,maxprob,10,0.9830458930137387,0.999053758180015,0.0067335806353612535,0.06719639152288437,11.959538292898035,1.0592
bloodmnist,S1,entropy,10,0.983338205203157,0.9990395276513327,0.005235153300760101,0.06627818197011948,11.959538292898035,1.0592
bloodmnist,S1,variance,10,0.983338205203157,0.9990460370667191,0.00527517655654733,0.06646716594696045,11.959538292898035,1.0592
bloodmnist,S1,variance_inv,10,0.983338205203157,0.9990442740443322,0.016616107148407725,0.07441823184490204,11.959538292898035,1.0592
bloodmnist,S1,mc_dropout,T=20,0.9818766442560655,0.998918702098438,0.01168893006279325,0.07157961279153824,9.52798149663908,1.0592
bloodmnist,S1,ts_only,1,0.9821689564454837,0.9989172969794259,0.009902403224667948,0.06995143741369247,0.7072038000594131,1.0592
bloodmnist,S1,ts_entropy,10,0.983338205203157,0.9990337051948027,0.005476666852348322,0.06545098125934601,11.959538292898035,1.0592
