dataset,student,strategy,n_views,accuracy,auc_roc,ece,nll,inf_ms,temperature
bloodmnist,S1,baseline,10,0.9821689564454837,0.9990163766838728,0.012617717340514535,0.07220160961151123,,1.1589
bloodmnist,S1,maxprob,10,0.9827535808243204,0.9990182146652304,0.00955996826809424,0.07078559696674347,,1.1589
bloodmnist,S1,entropy,10,0.9830458930137387,0.9990173383318774,0.008335498577319769,0.06957858055830002,,1.1589
bloodmnist,S1,variance,10,0.9830458930137387,0.9990156189080075,0.009051475825277707,0.06998464465141296,,1.1589
bloodmnist,S1,variance_inv,10,0.9824612686349021,0.9990127719306969,0.01508936715453595,0.07737327367067337,,1.1589
bloodmnist,S1,mc_dropout,T=20,0.9809997076878105,0.9990854299307221,0.01098743838129318,0.07387508451938629,,1.1589
bloodmnist,S1,ts_only,1,0.9809997076878105,0.999059231724109,0.007898658696966071,0.06892915815114975,,1.1589
bloodmnist,S1,ts_entropy,10,0.9827535808243204,0.9990357209276799,0.009034223904633407,0.06691818684339523,,1.1589
