dataset,student,strategy,n_views,accuracy,auc_roc,ece,nll
bloodmnist,S1,baseline,10,0.9830458930137387,0.9990519977996899,0.009170811946752355,0.06872976571321487
bloodmnist,S1,maxprob,10,0.9830458930137387,0.9990540446591181,0.006733576140184887,0.06719639897346497
bloodmnist,S1,entropy,10,0.983338205203157,0.999040387088642,0.005235153274625355,0.06627818197011948
bloodmnist,S1,variance,10,0.983338205203157,0.9990444530937717,0.01661605586332386,0.07441823184490204
bloodmnist,S1,mc_dropout,T=20,0.9818766442560655,0.998918702098438,0.01168893006279325,0.07157961279153824
