dataset,student,strategy,n_views,accuracy,auc_roc,ece,nll,inf_ms,temperature
breastmnist,S3,baseline,10,0.8846153846153846,0.9210526315789473,0.036165502973091894,0.297071635723114,,1.008
breastmnist,S3,maxprob,10,0.8910256410256411,0.9243943191311613,0.06332034483934061,0.2969386875629425,,1.008
breastmnist,S3,entropy,10,0.8910256410256411,0.9260651629072683,0.06164311522092574,0.29730474948883057,,1.008
breastmnist,S3,variance,10,0.8974358974358975,0.9264828738512949,0.055351084623581286,0.3105355501174927,,1.008
breastmnist,S3,variance_inv,10,0.8974358974358975,0.9110275689223057,0.09379794620550592,0.34435907006263733,,1.008
breastmnist,S3,mc_dropout,T=20,0.8717948717948718,0.9266917293233082,0.054849545543010456,0.32784849405288696,,1.008
breastmnist,S3,ts_only,1,0.8717948717948718,0.9260651629072681,0.062453683752279984,0.3349405825138092,,1.008
breastmnist,S3,ts_entropy,10,0.8910256410256411,0.9262740183792815,0.05245871994739923,0.29708805680274963,,1.008
