dataset,n_views,accuracy,auc_roc,ece,nll
breastmnist,1,0.8653846153846154,0.914578111946533,0.0520189072077091,0.3268061876296997
breastmnist,5,0.8782051282051282,0.9126984126984127,0.013723548788290784,0.3180390000343323
breastmnist,10,0.8846153846153846,0.9133249791144528,0.03362991947394152,0.310323566198349
breastmnist,20,0.8717948717948718,0.9160401002506265,0.05340027656310645,0.31111785769462585
breastmnist,50,0.8717948717948718,0.9195906432748538,0.04726157623987932,0.31023842096328735
