dataset,student,strategy,n_views,accuracy,auc_roc,ece,nll
breastmnist,S3,baseline,10,0.8846153846153846,0.9133249791144528,0.03362991947394152,0.310323566198349
breastmnist,S3,maxprob,10,0.8910256410256411,0.9158312447786132,0.03572634817698061,0.3081153631210327
breastmnist,S3,entropy,10,0.8910256410256411,0.9179197994987469,0.03926071677452478,0.30887579917907715
breastmnist,S3,variance,10,0.8333333333333334,0.887218045112782,0.048485475854995914,0.375613272190094
breastmnist,S3,mc_dropout,T=20,0.8653846153846154,0.9147869674185464,0.048799136892343165,0.3224930465221405
