dataset,student,strategy,n_views,accuracy,auc_roc,ece,nll,inf_ms,temperature
breastmnist,S3,baseline,10,0.8846153846153846,0.9133249791144528,0.03362991947394152,0.310323566198349,60.990391025641,1.0721
breastmnist,S3,maxprob,10,0.8910256410256411,0.9158312447786132,0.03572634817698061,0.3081153631210327,60.990391025641,1.0721
breastmnist,S3,entropy,10,0.8910256410256411,0.9179197994987469,0.03926071906701112,0.30887579917907715,60.990391025641,1.0721
breastmnist,S3,variance,10,0.8974358974358975,0.9214703425229741,0.0571822802989911,0.31064966320991516,60.990391025641,1.0721
breastmnist,S3,variance_inv,10,0.8333333333333334,0.887218045112782,0.048485482732454926,0.375613272190094,60.990391025641,1.0721
breastmnist,S3,mc_dropout,T=20,0.8653846153846154,0.9147869674185464,0.048799136892343165,0.3224930465221405,117.12401255128209,1.0721
breastmnist,S3,ts_only,1,0.8653846153846154,0.914578111946533,0.045158841289006726,0.31927987933158875,6.9134444423076555,1.0721
breastmnist,S3,ts_entropy,10,0.8910256410256411,0.9187552213868003,0.03469807979388114,0.3067280650138855,60.990391025641,1.0721
