dataset,student,strategy,n_views,accuracy,auc_roc,ece,nll,inf_ms,temperature
breastmnist,S3,baseline,10,0.8974358974358975,0.9258563074352547,0.03810467933997127,0.31197962164878845,,1.303
breastmnist,S3,maxprob,10,0.8974358974358975,0.926482873851295,0.04793351468367457,0.31493040919303894,,1.303
breastmnist,S3,entropy,10,0.8974358974358975,0.9283625730994153,0.053175447460932584,0.31603705883026123,,1.303
breastmnist,S3,variance,10,0.8974358974358975,0.927109440267335,0.06471830071547094,0.3321986198425293,,1.303
breastmnist,S3,variance_inv,10,0.8846153846153846,0.9220969089390141,0.039053162321066225,0.32369592785835266,,1.303
breastmnist,S3,mc_dropout,T=20,0.8974358974358975,0.9110275689223057,0.08063579981143659,0.41538214683532715,,1.303
breastmnist,S3,ts_only,1,0.8910256410256411,0.9106098579782791,0.06668231846430364,0.35792750120162964,,1.303
breastmnist,S3,ts_entropy,10,0.8974358974358975,0.9273182957393484,0.04339820643266038,0.2974104881286621,,1.303
