dataset,student,strategy,n_views,accuracy,auc_roc,ece,nll,inf_ms,temperature
dermamnist,S2,baseline,10,0.8264339152119701,0.9573667082105644,0.08104143634698638,0.5964466333389282,,1.3842
dermamnist,S2,maxprob,10,0.827930174563591,0.9574668912667451,0.08705696615197714,0.6039975881576538,,1.3842
dermamnist,S2,entropy,10,0.830423940149626,0.9574214290813953,0.08676402191271512,0.6115475296974182,,1.3842
dermamnist,S2,variance,10,0.8299251870324189,0.9574737133853389,0.08788807374283557,0.6120238304138184,,1.3842
dermamnist,S2,variance_inv,10,0.8219451371571073,0.9571128362864317,0.06630004427379504,0.587825357913971,,1.3842
dermamnist,S2,mc_dropout,T=20,0.8249376558603492,0.952948347028947,0.11201014551438596,0.7526061534881592,,1.3842
dermamnist,S2,ts_only,1,0.8259351620947631,0.9529656316262444,0.08783999248930341,0.6163356304168701,,1.3842
dermamnist,S2,ts_entropy,10,0.829426433915212,0.9577532938128431,0.07026605454466285,0.5357767939567566,,1.3842
