dataset,n_views,accuracy,auc_roc,ece,nll
dermamnist,1,0.828428927680798,0.957767081369303,0.11477383740822278,0.7478917837142944
dermamnist,5,0.8339152119700748,0.9582088896131224,0.06332207646155896,0.5938673615455627
dermamnist,10,0.8334164588528679,0.9633576426733264,0.07100608494513644,0.5594243407249451
dermamnist,20,0.8369077306733167,0.9633630858303442,0.0667105830518385,0.549075722694397
dermamnist,50,0.8349127182044888,0.9631356728293027,0.06991864750510142,0.5426936745643616
