dataset,student,strategy,n_views,accuracy,auc_roc,ece,nll,inf_ms,temperature
dermamnist,S2,baseline,10,0.8259351620947631,0.9598264778687193,0.07844997214854807,0.5563275814056396,,1.3554
dermamnist,S2,maxprob,10,0.8249376558603492,0.9598166865235065,0.0820207600878956,0.5663706064224243,,1.3554
dermamnist,S2,entropy,10,0.8244389027431421,0.9598716180389673,0.08476110293978174,0.5723479986190796,,1.3554
dermamnist,S2,variance,10,0.8244389027431421,0.9598634798992018,0.08722011573296828,0.5746638178825378,,1.3554
dermamnist,S2,variance_inv,10,0.8244389027431421,0.959455044023975,0.061350863265277715,0.5447056293487549,,1.3554
dermamnist,S2,mc_dropout,T=20,0.8169576059850374,0.9531231627686486,0.11203069047737599,0.7116167545318604,,1.3554
dermamnist,S2,ts_only,1,0.8164588528678304,0.9522018011312826,0.09164911489236982,0.599895715713501,,1.3554
dermamnist,S2,ts_entropy,10,0.8249376558603492,0.9599616751464849,0.06272432497909239,0.5142239332199097,,1.3554
