dataset,n_views,accuracy,auc_roc,ece,nll,inf_ms
organamnist,1,0.9474069074136573,0.9977170321956876,0.03613024195330333,0.24152961373329163,0.2546270277871963
organamnist,5,0.9453819327258409,0.9932524568040837,0.12542268283315658,0.36766767501831055,3.973983108336174
organamnist,10,0.9479131510856115,0.9956787124223735,0.054739501451745935,0.24549706280231476,8.815268213522385
organamnist,20,0.9473506581167735,0.9957344956256531,0.05515538977951713,0.24460847675800323,18.043914838564458
organamnist,50,0.9476319046011925,0.9958144475520299,0.05597609543554935,0.2425149381160736,44.74993585892686
