dataset,strategy,n_views,accuracy,auc_roc,ece,nll
organamnist,variance,2,0.7279784002699966,0.972371351247189,0.09822604304083367,0.6768015623092651
organamnist,variance,5,0.9445944425694679,0.9931823297302249,0.11196078594938706,0.3615313172340393
organamnist,variance,10,0.9478006524918439,0.9955678667091349,0.04760732393703844,0.24438078701496124
organamnist,variance,20,0.9475756553043087,0.9955948195154172,0.048981346935117576,0.24369482696056366
organamnist,variance,50,0.9474631567105412,0.9956867263486088,0.04969547755512507,0.24184846878051758
