dataset,n_views,accuracy,auc_roc,ece,nll,inf_ms
pathmnist,1,0.9341225626740947,0.9961367529327367,0.011141689715279212,0.20095932483673096,0.2529074094707433
pathmnist,5,0.9355153203342619,0.9954901943941386,0.04736457746424048,0.23222026228904724,4.925358119777092
pathmnist,10,0.9415041782729805,0.9957147552958168,0.043842672413438116,0.2060716599225998,9.199432186629505
pathmnist,20,0.9415041782729805,0.995720361305082,0.04534818424653877,0.2045295238494873,17.396771462395424
pathmnist,50,0.9419220055710307,0.9957226961749002,0.04593024261316546,0.20421917736530304,43.6851882590529
