dataset,strategy,n_views,accuracy,auc_roc,ece,nll
pathmnist,entropy,2,0.9413649025069638,0.9965611864754327,0.004969507696568808,0.18278995156288147
pathmnist,entropy,5,0.9311977715877438,0.9956740483710314,0.02779985166525775,0.22267107665538788
pathmnist,entropy,10,0.9431754874651811,0.9959447008225872,0.03244530840006378,0.19503523409366608
pathmnist,entropy,20,0.9426183844011142,0.9959552744371334,0.03177272620556416,0.19286327064037323
pathmnist,entropy,50,0.9426183844011142,0.995966286403762,0.03191733632994228,0.19228535890579224
