dataset,student,strategy,n_views,accuracy,auc_roc,ece,nll,inf_ms,temperature
pathmnist,S1,baseline,10,0.9260445682451254,0.9884970832692898,0.02780125489806065,0.30759283900260925,,1.0899
pathmnist,S1,maxprob,10,0.9257660167130919,0.9885602182811599,0.01945849136970832,0.3045330345630646,,1.0899
pathmnist,S1,entropy,10,0.9257660167130919,0.9886504009395646,0.017631377757093728,0.3027888536453247,,1.0899
pathmnist,S1,variance,10,0.9259052924791087,0.9886085741676269,0.018532246816125045,0.3036174774169922,,1.0899
pathmnist,S1,variance_inv,10,0.924791086350975,0.9882833557204341,0.05701921080812439,0.32115834951400757,,1.0899
pathmnist,S1,mc_dropout,T=20,0.9186629526462395,0.9910367784025803,0.05061999146403713,0.3594934046268463,,1.0899
pathmnist,S1,ts_only,1,0.9182451253481894,0.9908887225547802,0.04933742338319346,0.3453029692173004,,1.0899
pathmnist,S1,ts_entropy,10,0.9253481894150418,0.9888247448896963,0.015433108524359723,0.2936064302921295,,1.0899
