dataset,student,strategy,n_views,accuracy,auc_roc,ece,nll
pathmnist,S1,baseline,10,0.9415041782729805,0.9957147552958168,0.043842671865540264,0.2060716599225998
pathmnist,S1,maxprob,10,0.9428969359331476,0.9958389019576279,0.03654845032353252,0.1990889608860016
pathmnist,S1,entropy,10,0.9431754874651811,0.9959447008225872,0.03244529927673445,0.19503523409366608
pathmnist,S1,variance,10,0.9399721448467967,0.9954188663694463,0.06370710541278872,0.22673945128917694
pathmnist,S1,mc_dropout,T=20,0.9334261838440111,0.9961394212997323,0.010416197606614035,0.1999502182006836
