dataset,n_views,accuracy,auc_roc,ece,nll
pathmnist,1,0.9341225626740947,0.9961367529327367,0.01114168312390206,0.20095932483673096
pathmnist,5,0.9355153203342619,0.9954901943941386,0.04736457767592828,0.23222027719020844
pathmnist,10,0.9415041782729805,0.9957147552958168,0.043842671865540264,0.2060716599225998
pathmnist,20,0.9415041782729805,0.995720361305082,0.045348264870537384,0.2045295238494873
pathmnist,50,0.9419220055710307,0.9957226961749002,0.045930242588261005,0.20421917736530304
