dataset,student,strategy,n_views,accuracy,auc_roc,ece,nll,inf_ms,temperature
pathmnist,S1,baseline,10,0.9097493036211699,0.9904166783530479,0.022472945054925544,0.3067556321620941,,1.1768
pathmnist,S1,maxprob,10,0.9098885793871866,0.9904269315695721,0.017686779336344903,0.3052655756473541,,1.1768
pathmnist,S1,entropy,10,0.9105849582172701,0.9905449767344278,0.015252761326958564,0.30370739102363586,,1.1768
pathmnist,S1,variance,10,0.9098885793871866,0.9904737279204439,0.016341007502962284,0.30509424209594727,,1.1768
pathmnist,S1,variance_inv,10,0.9083565459610028,0.9902117170554037,0.04071985259029525,0.3177623450756073,,1.1768
pathmnist,S1,mc_dropout,T=20,0.9036211699164345,0.9924651092615164,0.06518358541730392,0.40804970264434814,,1.1768
pathmnist,S1,ts_only,1,0.9034818941504178,0.9924416729254079,0.0611739749114826,0.36800193786621094,,1.1768
pathmnist,S1,ts_entropy,10,0.9114206128133705,0.9909715675270301,0.015397766469082792,0.2893010675907135,,1.1768
