dataset,n_views,accuracy,auc_roc,ece,nll,inf_ms
pathmnist,1,0.9341225626740947,0.9961367529327367,0.011141689715279212,0.20095932483673096,2.1304198328690496
pathmnist,5,0.9355153203342619,0.9954901943941386,0.04736457746424048,0.23222026228904724,3.7217594707521466
pathmnist,10,0.9415041782729805,0.9957147552958168,0.043842672413438116,0.2060716599225998,9.261743328690125
pathmnist,20,0.9415041782729805,0.995720361305082,0.04534818424653877,0.2045295238494873,17.60021685236743
pathmnist,50,0.9419220055710307,0.9957226961749002,0.04593024261316546,0.20421917736530304,40.58819146239558
