dataset,student,strategy,n_views,accuracy,auc_roc,ece,nll
pneumoniamnist,S5,baseline,10,0.8605769230769231,0.9782380013149243,0.08600051739276986,0.4745972454547882
pneumoniamnist,S5,maxprob,10,0.8605769230769231,0.9783694937541092,0.08797493634315634,0.48201224207878113
pneumoniamnist,S5,entropy,10,0.8621794871794872,0.9786160420775806,0.08557534714539847,0.488882452249527
pneumoniamnist,S5,variance,10,0.8637820512820513,0.9767367959675652,0.09042295488791585,0.4715959131717682
pneumoniamnist,S5,mc_dropout,T=20,0.8733974358974359,0.9717893929432391,0.1052395723378047,0.5956251621246338
