dataset,n_views,accuracy,auc_roc,ece,nll,inf_ms
pneumoniamnist,1,0.8733974358974359,0.9718496603111988,0.10477090942171904,0.6018024682998657,4.2111014422866555
pneumoniamnist,5,0.8669871794871795,0.9744137628753013,0.08146932090704255,0.4481150209903717,19.42426266027607
pneumoniamnist,10,0.8605769230769231,0.9782380013149243,0.08600051739276986,0.4745972454547882,53.474069230781964
pneumoniamnist,20,0.8653846153846154,0.9769669077361385,0.07500258680337515,0.471385657787323,86.8638528846555
pneumoniamnist,50,0.8637820512820513,0.9778763971071665,0.0778721765829967,0.46548521518707275,125.14161089744356
