dataset,student,strategy,n_views,accuracy,auc_roc,ece,nll,inf_ms,temperature
pneumoniamnist,S5,baseline,10,0.8493589743589743,0.9771860618014463,0.10723279149104385,0.6279696822166443,,1.2177
pneumoniamnist,S5,maxprob,10,0.8477564102564102,0.9772518080210387,0.10485421598721775,0.635125458240509,,1.2177
pneumoniamnist,S5,entropy,10,0.8477564102564102,0.9773833004602236,0.10329919470808442,0.6413840651512146,,1.2177
pneumoniamnist,S5,variance,10,0.8397435897435898,0.9777120315581854,0.12805240095043793,0.6705492734909058,,1.2177
pneumoniamnist,S5,variance_inv,10,0.8413461538461539,0.9763642340565417,0.11410386019792311,0.6213415861129761,,1.2177
pneumoniamnist,S5,mc_dropout,T=20,0.8637820512820513,0.9733782599167214,0.11716000172190176,0.7167001366615295,,1.2177
pneumoniamnist,S5,ts_only,1,0.8637820512820513,0.9739097085250931,0.11064558447553557,0.6023704409599304,,1.2177
pneumoniamnist,S5,ts_entropy,10,0.8461538461538461,0.9783475783475784,0.10230746492743492,0.5649486184120178,,1.2177
