dataset,student,strategy,n_views,accuracy,auc_roc,ece,nll,inf_ms,temperature
pneumoniamnist,S5,baseline,10,0.8477564102564102,0.9829498137190444,0.09378105172744161,0.45690447092056274,,1.0696
pneumoniamnist,S5,maxprob,10,0.8461538461538461,0.983212798597414,0.09762177406213218,0.4702700972557068,,1.0696
pneumoniamnist,S5,entropy,10,0.8461538461538461,0.9833442910365987,0.1035258727004895,0.478472501039505,,1.0696
pneumoniamnist,S5,variance,10,0.8381410256410257,0.9801336839798378,0.11617698319829427,0.5343747138977051,,1.0696
pneumoniamnist,S5,variance_inv,10,0.8381410256410257,0.9816677624369932,0.058249413585051514,0.4219595193862915,,1.0696
pneumoniamnist,S5,mc_dropout,T=20,0.8557692307692307,0.977991452991453,0.1106587460216804,0.5618409514427185,,1.0696
pneumoniamnist,S5,ts_only,1,0.8573717948717948,0.9777996931843085,0.10768500744150233,0.537695050239563,,1.0696
pneumoniamnist,S5,ts_entropy,10,0.8461538461538461,0.9835524873986412,0.10189750351202796,0.46325477957725525,,1.0696
